
<workflow-app name="load_data" xmlns="uri:oozie:workflow:0.4">
    <start to="create_table"/>
    <action name="create_table">
        <hive xmlns="uri:oozie:hive-action:0.2">
            <job-tracker>${jobTracker}</job-tracker>
            <name-node>${nameNode}</name-node>
              <job-xml>/user/cloudera/hive-site.xml</job-xml>
            <script>/user/cloudera/create_table.hql</script>
        </hive>
        <ok to="create_table_top_destination"/>
        <error to="kill"/>
    </action>
    <action name="create_table_top_destination">
        <hive xmlns="uri:oozie:hive-action:0.2">
            <job-tracker>${jobTracker}</job-tracker>
            <name-node>${nameNode}</name-node>
              <job-xml>/user/cloudera/hive-site.xml</job-xml>
            <script>/user/cloudera/task_3_create_top_destination_table.hql</script>
        </hive>
        <ok to="create_table_top_hotels"/>
        <error to="kill"/>
    </action>
    <action name="create_table_top_hotels">
        <hive xmlns="uri:oozie:hive-action:0.2">
            <job-tracker>${jobTracker}</job-tracker>
            <name-node>${nameNode}</name-node>
              <job-xml>/user/cloudera/hive-site.xml</job-xml>
            <script>/user/cloudera/task_3_create_top_hotels_table.hql</script>
        </hive>
        <ok to="load_data"/>
        <error to="kill"/>
    </action>
    <action name="load_data">
        <hive xmlns="uri:oozie:hive-action:0.2">
            <job-tracker>${jobTracker}</job-tracker>
            <name-node>${nameNode}</name-node>
              <job-xml>/user/cloudera/hive-site.xml</job-xml>
            <script>/user/cloudera/loaddata.hql</script>
              <param>YEAR=${YEAR}</param>
              <param>MONTH=${MONTH}</param>
              <param>DAY=${DAY}</param>
        </hive>
        <ok to="insert_top_destination"/>
        <error to="kill"/>
    </action>
    <action name="insert_top_destination">
        <hive xmlns="uri:oozie:hive-action:0.2">
            <job-tracker>${jobTracker}</job-tracker>
            <name-node>${nameNode}</name-node>
              <job-xml>/user/cloudera/hive-site.xml</job-xml>
            <script>/user/cloudera/task_1_top_n_destination.hql</script>
              <param>time=${time}</param>
              <param>n=${n}</param>
        </hive>
        <ok to="top_hotels"/>
        <error to="kill"/>
    </action>
    <action name="top_hotels">
        <hive xmlns="uri:oozie:hive-action:0.2">
            <job-tracker>${jobTracker}</job-tracker>
            <name-node>${nameNode}</name-node>
              <job-xml>/user/cloudera/hive-site.xml</job-xml>
            <script>/user/cloudera/task_2_top_n_hotel_click.hql</script>
        </hive>
        <ok to="end"/>
        <error to="kill"/>
    </action>
    <kill name="kill">
        <message>Action failed, error message[${wf:errorMessage(wf:lastErrorNode())}]</message>
    </kill>
    <end name="end"/>
</workflow-app>
